<?xml version="1.0" encoding="UTF-8"?><?xml-stylesheet type='text/xsl' href='_UpgradeReport_Files/UpgradeReport.xslt'?><UpgradeLog>
<Properties><Property Name="Solution" Value="imageprocessor">
</Property><Property Name="Solution File" Value="E:\cs-script\Docs\Help\Tutorial\ImageProcessor\VS Project\imageprocessor.sln">
</Property><Property Name="Date" Value="Friday, 31 July 2009">
</Property><Property Name="Time" Value="13:42 PM">
</Property></Properties><Event ErrorLevel="0" Project="" Source="imageprocessor.sln" Description="File successfully backed up as E:\cs-script\Docs\Help\Tutorial\ImageProcessor\VS Project\Backup\imageprocessor.sln">
</Event><Event ErrorLevel="0" Project="imageprocessor" Source="imageprocessor.csproj" Description="Project file successfully backed up as E:\cs-script\Docs\Help\Tutorial\ImageProcessor\VS Project\Backup\imageprocessor.csproj">
</Event><Event ErrorLevel="0" Project="imageprocessor" Source="AssemblyInfo.cs" Description="File successfully backed up as E:\cs-script\Docs\Help\Tutorial\ImageProcessor\VS Project\Backup\AssemblyInfo.cs">
</Event><Event ErrorLevel="0" Project="imageprocessor" Source="imageprocessor.cs" Description="File successfully backed up as E:\cs-script\Docs\Help\Tutorial\ImageProcessor\VS Project\Backup\imageprocessor.cs">
</Event><Event ErrorLevel="0" Project="imageprocessor" Source="imageprocessor.resx" Description="File successfully backed up as E:\cs-script\Docs\Help\Tutorial\ImageProcessor\VS Project\Backup\imageprocessor.resx">
</Event><Event ErrorLevel="0" Project="imageprocessor" Source="imageprocessor.csproj" Description="Project converted successfully">
</Event><Event ErrorLevel="3" Project="imageprocessor" Source="imageprocessor.csproj" Description="Converted">
</Event><Event ErrorLevel="0" Project="" Source="imageprocessor.sln" Description="Solution converted successfully">
</Event><Event ErrorLevel="3" Project="" Source="imageprocessor.sln" Description="Converted">
</Event><Event ErrorLevel="0" Project="imageprocessor" Source="imageprocessor.csproj" Description="Scan complete: Upgrade not required for project files.">
</Event></UpgradeLog>